City_ID,City,Lat,Lng,Max Temp,Humidity,Cloudiness,Wind Speed,Country,Date
0,hammerfest,70.6634,23.6821,0.25,93,75,0.51,23.6821,23.6821
1,wailua homesteads,22.0669,-159.378,27.44,76,75,10.29,-159.378,-159.378
2,ushuaia,-54.8,-68.3,7.48,88,94,2.16,-68.3,-68.3
3,susuman,62.7833,148.1667,-16.47,99,99,0.45,148.1667,148.1667
4,happy valley-goose bay,53.3168,-60.3315,0.47,68,5,1.5,-60.3315,-60.3315
5,chu,43.5983,73.7614,7.16,88,51,1.37,73.7614,73.7614
6,qaqortoq,60.7167,-46.0333,1.58,61,1,3.81,-46.0333,-46.0333
7,ribeira grande,38.5167,-28.7,20.99,96,100,5.81,-28.7,-28.7
8,invercargill,-46.4,168.35,15.57,69,96,2.24,168.35,168.35
9,waitangi,-43.9535,-176.5597,12.68,64,42,2.24,-176.5597,-176.5597
10,port-aux-francais,-49.35,70.2167,1.88,64,63,13.87,70.2167,70.2167
11,sucre,-19.0333,-65.2627,21.52,38,86,2.29,-65.2627,-65.2627
12,gardnerville ranchos,38.8882,-119.7413,20.31,36,0,3.6,-119.7413,-119.7413
13,tofol,5.3248,163.0078,29.88,74,75,1.03,163.0078,163.0078
14,seminole,28.7086,-81.2081,25.77,70,0,3.09,-81.2081,-81.2081
15,udachny,66.4167,112.4,-14.58,99,98,2.02,112.4,112.4
16,santa fe do sul,-20.2111,-50.9258,32.62,25,97,3.22,-50.9258,-50.9258
17,yellowknife,62.456,-114.3525,-3.1,96,98,8.05,-114.3525,-114.3525
18,lihue,21.9789,-159.3672,27.77,75,75,10.29,-159.3672,-159.3672
19,port mathurin,-19.6833,63.4167,24.42,82,5,6.46,63.4167,63.4167
20,santo antonio do ica,-3.1022,-67.9397,28.13,73,84,1.38,-67.9397,-67.9397
21,edinburgh of the seven seas,-37.0676,-12.3116,12.87,78,77,5.78,-12.3116,-12.3116
22,miri,4.4148,114.0089,24.55,93,100,2.21,114.0089,114.0089
23,merizo village,13.2658,144.6691,30.32,84,39,7.02,144.6691,144.6691
24,iskateley,67.6803,53.1512,-1.81,97,62,5.14,53.1512,53.1512
25,adamstown,-25.066,-130.1015,23.25,75,100,2.85,-130.1015,-130.1015
26,ulan bator,47.9077,106.8832,-5.93,86,0,1.0,106.8832,106.8832
27,ust-nera,64.5667,143.2,-16.07,99,87,2.18,143.2,143.2
28,bethel,41.3712,-73.414,12.17,75,0,0.0,-73.414,-73.414
29,hadibu,12.65,54.0333,26.6,85,100,3.32,54.0333,54.0333
30,villa gesell,-37.2639,-56.973,13.37,91,100,6.63,-56.973,-56.973
31,blackmans bay,-43.0167,147.3167,14.29,78,61,0.89,147.3167,147.3167
32,grytviken,-54.2811,-36.5092,-4.93,63,6,3.91,-36.5092,-36.5092
33,lauter,50.5667,12.7333,11.86,91,99,3.0,12.7333,12.7333
34,isafjordur,66.0755,-23.124,3.12,73,55,1.36,-23.124,-23.124
35,dalhart,36.0595,-102.5133,27.01,34,0,10.29,-102.5133,-102.5133
36,puerto ayora,-0.7393,-90.3518,24.75,93,55,3.58,-90.3518,-90.3518
37,rawson,-43.3002,-65.1023,9.84,61,64,5.59,-65.1023,-65.1023
38,porto novo,6.4965,2.6036,26.24,83,94,2.38,2.6036,2.6036
39,hermanus,-34.4187,19.2345,14.94,84,16,5.39,19.2345,19.2345
40,hawaiian paradise park,19.5933,-154.9731,28.35,83,75,3.09,-154.9731,-154.9731
41,fairbanks,64.8378,-147.7164,-2.53,80,75,3.09,-147.7164,-147.7164
42,puerto natales,-51.7236,-72.4875,9.36,82,36,1.81,-72.4875,-72.4875
43,fort bragg,35.139,-79.006,14.89,67,0,0.0,-79.006,-79.006
44,chui,-33.6971,-53.4616,18.37,99,99,2.31,-53.4616,-53.4616
45,canete,-37.8,-73.4,9.84,82,38,2.81,-73.4,-73.4
46,hamilton,39.1834,-84.5333,17.35,56,0,3.6,-84.5333,-84.5333
47,west island,-12.1568,96.8225,24.99,83,40,4.63,96.8225,96.8225
48,igarka,67.4667,86.5833,-5.85,93,99,3.05,86.5833,86.5833
49,wynyard,-41.0,145.7167,14.13,81,47,5.47,145.7167,145.7167
50,perry,37.2506,-83.1999,22.1,52,34,0.98,-83.1999,-83.1999
51,wotho,10.1657,166.0102,28.54,79,21,7.34,166.0102,166.0102
52,kireyevsk,53.9336,37.9279,5.72,88,100,7.21,37.9279,37.9279
53,vilyuchinsk,52.9306,158.4028,2.15,66,35,4.05,158.4028,158.4028
54,nizhniy kuranakh,58.8353,125.4869,-7.09,97,98,1.69,125.4869,125.4869
55,el gouna,27.3942,33.6782,25.55,55,2,5.07,33.6782,33.6782
56,whitehorse,60.7161,-135.0538,-6.66,50,94,5.81,-135.0538,-135.0538
57,lubango,-14.9172,13.4925,18.79,54,29,1.83,13.4925,13.4925
58,saipan,15.1355,145.701,30.39,74,20,7.2,145.701,145.701
59,palangkaraya,-2.2,113.8333,24.44,96,99,0.6,113.8333,113.8333
60,klyuchi,52.2667,79.1667,0.25,61,73,6.27,79.1667,79.1667
61,tiksi,71.6872,128.8694,-11.97,90,96,5.91,128.8694,128.8694
62,albany,42.6001,-73.9662,9.4,77,3,2.24,-73.9662,-73.9662
63,nishinoomote,30.7333,131.0,20.89,56,0,2.5,131.0,131.0
64,san fernando de apure,7.8878,-67.4724,27.04,77,58,0.49,-67.4724,-67.4724
65,lebu,-37.6167,-73.65,10.69,77,54,6.74,-73.65,-73.65
66,enewetak,11.3474,162.3373,28.2,79,72,4.63,162.3373,162.3373
67,lompoc,34.6391,-120.4579,27.61,74,100,8.23,-120.4579,-120.4579
68,flekkefjord,58.2971,6.6607,8.86,93,61,1.63,6.6607,6.6607
69,kingston,17.997,-76.7936,28.47,79,74,1.76,-76.7936,-76.7936
70,ust'-ordynskiy,52.805,104.7508,5.16,78,100,4.74,104.7508,104.7508
71,darnah,32.767,22.6367,22.29,79,0,5.54,22.6367,22.6367
72,jamestown,42.097,-79.2353,8.9,75,0,1.54,-79.2353,-79.2353
73,al ghayzah,16.2079,52.176,24.25,94,100,19.27,52.176,52.176
74,ngetkib,7.3645,134.5148,29.14,79,75,2.06,134.5148,134.5148
75,margate,51.3813,1.3862,11.5,90,100,0.89,1.3862,1.3862
76,awjilah,29.1081,21.2869,24.1,25,0,2.68,21.2869,21.2869
77,bata,1.8639,9.7658,25.64,90,100,3.02,9.7658,9.7658
78,kedougou,12.5579,-12.1743,23.99,91,97,3.93,-12.1743,-12.1743
79,dapa,9.7594,126.0531,27.65,78,52,0.3,126.0531,126.0531
80,xilin hot,43.9667,116.0333,4.47,39,4,2.49,116.0333,116.0333
81,calvinia,-31.4707,19.776,11.75,77,4,2.6,19.776,19.776
82,olonkinbyen,70.9221,-8.7187,3.7,88,100,4.57,-8.7187,-8.7187
83,dikwa,12.024,13.9165,27.77,21,10,3.74,13.9165,13.9165
84,st. john's,47.5649,-52.7093,7.1,91,100,8.49,-52.7093,-52.7093
85,thompson,55.7435,-97.8558,-2.0,38,0,4.33,-97.8558,-97.8558
86,qaryat suluq,31.6682,20.2521,22.85,47,0,2.94,20.2521,20.2521
87,bredasdorp,-34.5322,20.0403,14.21,80,4,4.68,20.0403,20.0403
88,crystal city,28.6775,-99.8281,30.06,45,100,4.63,-99.8281,-99.8281
89,andrushivka,50.0229,29.0202,9.32,90,74,3.15,29.0202,29.0202
90,el granada,37.5027,-122.4694,25.51,74,100,8.23,-122.4694,-122.4694
91,portsmouth,50.799,-1.0913,12.2,95,98,4.47,-1.0913,-1.0913
92,bilibino,68.0546,166.4372,-7.4,93,100,4.36,166.4372,166.4372
93,arraial do cabo,-22.9661,-42.0278,21.78,86,14,9.77,-42.0278,-42.0278
94,zyrya,40.3661,50.2917,17.05,86,40,6.83,50.2917,50.2917
95,yuzhno-kurilsk,44.0306,145.8556,11.25,62,6,3.18,145.8556,145.8556
96,shatki,55.1887,44.1249,7.61,99,99,1.91,44.1249,44.1249
97,longyearbyen,78.2186,15.6401,-6.09,79,75,3.09,15.6401,15.6401
98,tralee,52.2704,-9.7026,8.35,94,38,2.25,-9.7026,-9.7026
99,sinop,41.7711,34.8709,16.78,52,14,2.29,34.8709,34.8709
100,college,64.8569,-147.8028,-2.53,80,75,3.09,-147.8028,-147.8028
101,jalai nur,49.45,117.7,2.6,38,3,2.55,117.7,117.7
102,badger,64.8,-147.5333,-2.58,82,75,3.09,-147.5333,-147.5333
103,naryn,41.4287,75.9911,3.92,98,98,0.6,75.9911,75.9911
104,goondiwindi,-28.55,150.3167,28.7,16,0,3.97,150.3167,150.3167
105,tianpeng,30.9866,103.9393,17.34,80,85,0.64,103.9393,103.9393
106,cidreira,-30.1811,-50.2056,19.32,95,100,2.05,-50.2056,-50.2056
107,pacific grove,36.6177,-121.9166,23.47,80,20,4.63,-121.9166,-121.9166
108,ternate,0.8,127.4,27.96,76,87,2.37,127.4,127.4
109,timimoun,29.2639,0.231,25.41,40,59,7.26,0.231,0.231
110,port-cartier,50.0334,-66.8654,7.64,69,0,2.28,-66.8654,-66.8654
111,santa terezinha,-29.9002,-50.0904,19.77,97,100,2.58,-50.0904,-50.0904
112,saldanha,-33.0117,17.9442,14.47,90,3,2.78,17.9442,17.9442
113,dudinka,69.4058,86.1778,-3.54,96,98,1.26,86.1778,86.1778
114,pandan,14.0453,124.1694,27.63,86,81,3.05,124.1694,124.1694
115,natal,-5.795,-35.2094,25.12,88,40,4.12,-35.2094,-35.2094
116,sitka,57.0531,-135.33,1.94,32,0,3.6,-135.33,-135.33
117,malango,-2.9627,119.9001,21.12,89,69,0.41,119.9001,119.9001
118,tura,25.5198,90.2201,19.95,93,99,1.63,90.2201,90.2201
119,viseu,40.661,-7.9097,9.3,96,4,0.59,-7.9097,-7.9097
120,livada,47.8667,23.1333,12.64,72,80,2.42,23.1333,23.1333
121,nova sintra,14.8667,-24.7167,24.02,73,5,7.04,-24.7167,-24.7167
122,iqaluit,63.7506,-68.5145,-0.15,80,100,9.77,-68.5145,-68.5145
123,dryden,49.7833,-92.7503,10.16,100,100,2.57,-92.7503,-92.7503
124,balaipungut,1.05,101.2833,23.54,94,90,0.18,101.2833,101.2833
125,margaret river,-33.95,115.0667,10.27,67,13,4.79,115.0667,115.0667
126,namibe,-15.1961,12.1522,19.26,65,8,4.32,12.1522,12.1522
127,tumpat,6.1978,102.171,24.76,92,52,2.11,102.171,102.171
128,tanjung pandan,-2.75,107.65,24.87,91,70,2.11,107.65,107.65
129,baneh,35.9975,45.8853,10.65,61,17,1.46,45.8853,45.8853
130,afaahiti,-17.75,-149.2833,28.93,81,22,6.02,-149.2833,-149.2833
131,acarau,-2.8856,-40.12,26.05,79,100,7.89,-40.12,-40.12
132,n'dalatando,-9.2978,14.9116,20.36,85,97,2.0,14.9116,14.9116
133,ghat,24.9647,10.1728,26.25,19,17,1.57,10.1728,10.1728
134,nar'yan-mar,67.6713,53.087,-1.71,97,62,5.2,53.087,53.087
135,fort mcmurray,56.7268,-111.381,-2.35,31,1,3.69,-111.381,-111.381
136,ketchikan,55.3422,-131.6461,5.26,45,100,2.57,-131.6461,-131.6461
137,celestun,20.8667,-90.4,28.21,71,99,7.38,-90.4,-90.4
138,kirakira,-10.4544,161.9205,29.7,64,99,0.26,161.9205,161.9205
139,labytnangi,66.6572,66.4183,-8.98,87,90,2.44,66.4183,66.4183
140,port elizabeth,-33.918,25.5701,17.16,81,0,11.83,25.5701,25.5701
141,geiro,-6.15,36.8667,17.24,89,31,1.98,36.8667,36.8667
142,el alto,-4.2714,-81.2147,20.69,81,76,11.35,-81.2147,-81.2147
143,pont rouge,48.8833,-72.0825,4.96,73,20,1.62,-72.0825,-72.0825
144,chebba,35.2372,11.115,25.19,49,15,3.56,11.115,11.115
145,corn island,12.1694,-83.0418,26.62,88,100,9.85,-83.0418,-83.0418
146,ilulissat,69.2167,-51.1,-2.99,74,75,3.6,-51.1,-51.1
147,ebon,4.582,168.6964,28.78,77,79,5.66,168.6964,168.6964
148,san andres,12.5847,-81.7006,27.01,89,40,1.03,-81.7006,-81.7006
149,opuwo,-18.0607,13.84,21.3,22,0,2.6,13.84,13.84
150,taoudenni,22.6783,-3.9836,29.7,35,100,7.96,-3.9836,-3.9836
151,raduzhny,62.0961,77.475,-1.88,78,99,5.46,77.475,77.475
152,orsa,54.5153,30.4053,6.5,86,100,4.43,30.4053,30.4053
153,kerikeri,-35.2268,173.9474,17.73,86,90,0.89,173.9474,173.9474
154,kruisfontein,-34.0033,24.7314,14.67,77,24,8.6,24.7314,24.7314
155,san antonio de pale,-1.4014,5.6325,25.95,84,78,7.37,5.6325,5.6325
156,anadyr,64.75,177.4833,1.28,100,75,3.0,177.4833,177.4833
157,remire-montjoly,4.9167,-52.2667,28.02,83,0,2.06,-52.2667,-52.2667
158,constantia,44.1833,28.65,18.38,64,78,1.55,28.65,28.65
159,mandla,22.6,80.3833,15.51,67,11,1.24,80.3833,80.3833
160,codrington,-38.2667,141.9667,16.04,66,44,11.01,141.9667,141.9667
161,whitstable,51.3607,1.0257,11.65,90,100,2.45,1.0257,1.0257
162,bhikangaon,21.8667,75.95,21.71,54,48,2.09,75.95,75.95
163,geraldton,-28.7667,114.6,17.23,36,65,8.75,114.6,114.6
164,oyem,1.5995,11.5793,20.56,99,100,0.52,11.5793,11.5793
165,lesnoy,57.6198,63.0784,-0.9,81,100,3.25,63.0784,63.0784
166,ilebo,-4.3167,20.5833,22.42,99,100,1.22,20.5833,20.5833
167,knyaze-volkonskoye,48.4642,135.4567,5.72,66,12,4.39,135.4567,135.4567
168,east ballina,-28.8667,153.5833,25.44,70,80,3.08,153.5833,153.5833
169,flying fish cove,-10.4217,105.6791,22.82,94,40,1.54,105.6791,105.6791
170,belyy yar,53.6039,91.3903,-0.06,55,0,5.0,91.3903,91.3903
171,kismayo,-0.3582,42.5454,26.61,81,3,4.86,42.5454,42.5454
172,pitea,65.3172,21.4794,-6.95,80,24,2.77,21.4794,21.4794
173,hirara,24.8,125.2833,26.0,79,26,5.24,125.2833,125.2833
174,abepura,-2.6333,140.5833,30.45,66,20,4.12,140.5833,140.5833
175,tikhvin,59.6451,33.5294,-0.44,85,100,1.95,33.5294,33.5294
176,chiras,35.4167,65.9823,1.98,78,2,2.22,65.9823,65.9823
177,utrik,11.2278,169.8474,28.31,73,97,6.28,169.8474,169.8474
178,roma,43.2128,-75.4557,7.63,81,0,1.54,-75.4557,-75.4557
179,cuatro cienegas de carranza,26.9833,-102.0833,26.79,52,85,1.0,-102.0833,-102.0833
180,guixi,28.2886,117.2133,18.11,89,3,1.25,117.2133,117.2133
181,aginskoye,51.1,114.53,0.67,38,23,0.7,114.53,114.53
182,beledweyne,4.7358,45.2036,27.05,66,25,6.14,45.2036,45.2036
183,kedrovyy,56.1667,91.8167,-2.77,81,100,5.77,91.8167,91.8167
184,yongning,24.68,118.69,23.89,80,5,3.17,118.69,118.69
185,carauari,-4.8828,-66.8958,27.88,70,93,0.44,-66.8958,-66.8958
186,muli,2.9167,73.5667,27.49,75,100,4.91,73.5667,73.5667
187,selfoss,63.9331,-20.9971,-0.53,71,21,2.11,-20.9971,-20.9971
188,prince rupert,54.3161,-130.3201,5.07,55,96,2.12,-130.3201,-130.3201
189,dakhla,23.6848,-15.958,21.75,87,9,7.09,-15.958,-15.958
190,atafu village,-8.5421,-172.5159,28.77,71,82,4.65,-172.5159,-172.5159
191,pedregal,8.3667,-82.4333,28.37,76,75,4.92,-82.4333,-82.4333
192,kodiak,57.79,-152.4072,6.73,45,0,1.54,-152.4072,-152.4072
193,salalah,17.0151,54.0924,26.05,94,100,5.14,54.0924,54.0924
194,kuanda,56.3161,116.0806,-3.67,81,34,0.77,116.0806,116.0806
195,phan thiet,10.9333,108.1,24.81,88,100,1.88,108.1,108.1
196,mukalla,14.5425,49.1242,28.86,63,100,2.27,49.1242,49.1242
197,avarua,-21.2078,-159.775,26.03,78,75,3.6,-159.775,-159.775
198,tocopilla,-22.092,-70.1979,20.63,68,22,6.0,-70.1979,-70.1979
199,east london,-33.0153,27.9116,18.67,71,7,8.16,27.9116,27.9116
200,kapuskasing,49.4169,-82.4331,7.05,76,100,5.66,-82.4331,-82.4331
201,port alfred,-33.5906,26.891,15.1,86,20,1.34,26.891,26.891
202,castillos,-34.1667,-53.8333,17.13,99,99,3.32,-53.8333,-53.8333
203,talnakh,69.4865,88.3972,-3.77,81,100,0.56,88.3972,88.3972
204,tomatlan,19.9333,-105.25,27.64,69,30,2.66,-105.25,-105.25
205,jaca,42.569,-0.5499,11.18,91,100,2.15,-0.5499,-0.5499
206,kidal,18.4411,1.4078,30.25,12,9,4.02,1.4078,1.4078
207,danville,36.586,-79.395,14.87,59,0,0.0,-79.395,-79.395
208,punta arenas,-53.15,-70.9167,10.46,66,22,5.45,-70.9167,-70.9167
209,hell-ville,-13.4,48.2667,25.98,70,0,4.08,48.2667,48.2667
210,burutu,5.3509,5.5076,25.38,89,98,2.4,5.5076,5.5076
211,plainview,40.7765,-73.4673,14.86,73,0,2.06,-73.4673,-73.4673
212,flagstaff,35.1981,-111.6513,19.81,36,20,6.17,-111.6513,-111.6513
213,soio,-6.1349,12.3689,25.59,85,70,4.65,12.3689,12.3689
214,inhambane,-23.865,35.3833,20.82,82,0,0.28,35.3833,35.3833
215,zdvinsk,54.7021,78.661,-1.25,78,79,6.71,78.661,78.661
216,letterkenny,54.95,-7.7333,11.68,88,100,5.46,-7.7333,-7.7333
217,guarapari,-20.6667,-40.4975,23.83,87,34,4.88,-40.4975,-40.4975
218,minab,27.1467,57.0801,26.87,70,1,0.38,57.0801,57.0801
219,escanaba,45.7453,-87.0646,10.28,87,100,4.63,-87.0646,-87.0646
220,stanley,54.868,-1.6985,9.32,95,100,1.54,-1.6985,-1.6985
221,kapoeta,4.7717,33.5903,27.92,45,96,3.74,33.5903,33.5903
222,mil'kovo,55.6078,37.7956,2.41,96,100,4.9,37.7956,37.7956
223,canmore,51.0834,-115.3521,-5.1,89,100,2.83,-115.3521,-115.3521
224,palopo,-2.9996,120.1921,25.42,83,94,0.88,120.1921,120.1921
225,junin de los andes,-39.9504,-71.0694,13.19,53,27,4.46,-71.0694,-71.0694
226,palmer,42.1584,-72.3287,12.59,66,40,1.54,-72.3287,-72.3287
227,khandyga,62.6667,135.6,-8.08,96,100,0.47,135.6,135.6
228,laojunmiao,39.8333,97.7333,5.0,27,18,0.62,97.7333,97.7333
229,shalqar,47.8333,59.6,5.32,63,100,5.29,59.6,59.6
230,gadzhiyevo,69.2551,33.3362,1.16,73,100,4.44,33.3362,33.3362
231,zeya,53.75,127.2667,-0.99,81,51,0.8,127.2667,127.2667
232,hotan,37.0997,79.9269,11.36,23,22,2.47,79.9269,79.9269
233,byron bay,-28.65,153.6167,25.39,66,50,4.8,153.6167,153.6167
234,sao vicente,-23.9631,-46.3919,26.26,26,66,0.45,-46.3919,-46.3919
235,papatowai,-46.5619,169.4708,15.98,48,100,3.34,169.4708,169.4708
236,hawkesbury,45.6001,-74.616,4.47,81,5,2.21,-74.616,-74.616
237,tabou,4.423,-7.3528,24.99,91,44,3.1,-7.3528,-7.3528
238,sarmiento,-45.5882,-69.07,16.49,29,35,6.37,-69.07,-69.07
239,vuktyl,63.8567,57.3094,-1.46,91,100,4.18,57.3094,57.3094
240,sao joao da barra,-21.6403,-41.0511,23.05,83,18,7.17,-41.0511,-41.0511
241,gornopravdinsk,60.05,69.9,-2.71,81,38,4.04,69.9,69.9
242,uturoa,-16.7333,-151.4333,26.85,77,46,5.1,-151.4333,-151.4333
243,porto santo stefano,42.4338,11.1237,20.92,84,89,7.23,11.1237,11.1237
244,ostersund,63.1792,14.6357,1.25,100,100,6.26,14.6357,14.6357
245,navarre,30.4016,-86.8636,25.28,58,20,0.0,-86.8636,-86.8636
246,dalai,45.5,124.3,8.47,44,0,3.01,124.3,124.3
247,oranjemund,-28.55,16.4333,15.44,95,14,4.51,16.4333,16.4333
248,suntar,62.1444,117.6319,-11.21,99,73,1.42,117.6319,117.6319
249,tranqueras,-31.2,-55.75,18.88,96,84,0.53,-55.75,-55.75
250,bodaybo,57.8506,114.1933,-2.19,72,54,1.17,114.1933,114.1933
251,rio grande,-32.035,-52.0986,21.06,97,100,1.81,-52.0986,-52.0986
252,chibougamau,49.9168,-74.3659,2.12,72,71,2.29,-74.3659,-74.3659
253,santa ines,-3.6667,-45.38,29.65,54,57,3.86,-45.38,-45.38
254,quang ngai,15.1167,108.8,23.96,94,100,2.55,108.8,108.8
255,jayapura,-2.5333,140.7,30.66,88,100,2.22,140.7,140.7
256,la'ie,21.6477,-157.9253,30.66,65,13,6.51,-157.9253,-157.9253
257,torghay,49.6339,63.4981,3.21,61,91,6.13,63.4981,63.4981
258,kudahuvadhoo,2.6708,72.8944,27.36,75,98,4.79,72.8944,72.8944
259,punta del este,-34.9667,-54.95,15.06,98,100,3.6,-54.95,-54.95
260,dul'durga,50.6761,113.5931,1.0,56,28,1.02,113.5931,113.5931
261,cromwell,41.5951,-72.6454,12.8,74,0,3.6,-72.6454,-72.6454
262,mejit,10.2753,170.8646,28.08,75,66,5.65,170.8646,170.8646
263,chernyshevskiy,63.0128,112.4714,-10.69,98,83,1.65,112.4714,112.4714
264,port lincoln,-34.7333,135.8667,13.2,57,86,9.95,135.8667,135.8667
265,yaren,-0.5472,166.916,28.69,74,83,3.54,166.916,166.916
266,iwanai,42.9744,140.5089,8.87,73,37,2.52,140.5089,140.5089
267,huarmey,-10.0681,-78.1522,21.05,82,42,5.24,-78.1522,-78.1522
268,berezovyy,51.6667,135.7,2.31,62,54,1.18,135.7,135.7
269,ouadda,8.0777,22.4007,23.28,77,75,0.39,22.4007,22.4007
270,port macquarie,-31.4333,152.9167,25.5,61,3,2.02,152.9167,152.9167
271,istmina,5.1605,-76.684,24.53,96,88,1.43,-76.684,-76.684
272,al bayda',32.7627,21.7551,16.62,80,0,0.63,21.7551,21.7551
273,nouadhibou,20.931,-17.0347,22.99,78,22,7.72,-17.0347,-17.0347
274,ulsteinvik,62.3432,5.8487,6.84,92,100,1.34,5.8487,5.8487
275,mosjoen,65.836,13.1908,1.29,93,100,0.0,13.1908,13.1908
276,manado,1.487,124.8455,28.43,83,20,1.54,124.8455,124.8455
277,muzaffarabad,34.37,73.4711,14.98,68,7,2.09,73.4711,73.4711
278,kuraymah,18.55,31.85,29.47,26,0,4.75,31.85,31.85
279,cockburn town,21.4612,-71.1419,28.46,76,5,6.88,-71.1419,-71.1419
280,northam,51.0333,-4.2167,11.48,96,100,4.31,-4.2167,-4.2167
281,columbus,39.9612,-82.9988,15.3,57,20,2.06,-82.9988,-82.9988
282,queenstown,-31.8976,26.8753,13.23,73,1,1.72,26.8753,26.8753
283,tolanaro,-25.0319,46.9987,20.77,89,62,1.47,46.9987,46.9987
284,shiyan,32.6475,110.7781,15.31,90,45,1.9,110.7781,110.7781
285,bandar-e lengeh,26.5579,54.8807,28.08,76,1,4.44,54.8807,54.8807
286,mulki,13.1,74.8,25.6,100,40,0.0,74.8,74.8
287,al kharijah,25.4514,30.5464,23.6,44,0,4.11,30.5464,30.5464
288,severo-yeniseyskiy,60.3725,93.0408,-4.56,80,100,7.48,93.0408,93.0408
289,tuy hoa,13.0833,109.3,24.44,91,98,1.35,109.3,109.3
290,puerto francisco de orellana,-0.4667,-76.9667,28.03,69,56,0.7,-76.9667,-76.9667
291,kertih,4.5141,103.4483,24.99,91,85,1.82,103.4483,103.4483
292,presidente olegario,-18.4178,-46.4181,26.42,35,99,2.39,-46.4181,-46.4181
293,villarrica,-25.75,-56.4333,30.14,50,71,3.31,-56.4333,-56.4333
294,barra de santo antonio,-9.4047,-35.5072,23.6,74,0,3.88,-35.5072,-35.5072
295,kone,-21.0595,164.8658,24.62,68,75,3.27,164.8658,164.8658
296,suances,43.4334,-4.0434,13.88,92,75,4.12,-4.0434,-4.0434
297,bikenibeu village,1.3673,173.1241,30.98,74,40,3.09,173.1241,173.1241
298,labrador city,52.9463,-66.9114,-0.43,69,12,1.77,-66.9114,-66.9114
299,pangody,65.85,74.4859,-5.1,94,16,3.85,74.4859,74.4859
300,hasaki,35.7333,140.8333,15.16,70,0,1.73,140.8333,140.8333
301,baukau,51.5526,7.2042,13.46,94,100,1.79,7.2042,7.2042
302,maceio,-9.6658,-35.7353,23.69,88,0,2.06,-35.7353,-35.7353
303,eilat,29.5581,34.9482,25.35,53,26,2.25,34.9482,34.9482
304,chahal guatemala,15.75,-89.5667,25.13,95,95,1.25,-89.5667,-89.5667
305,jinka,5.65,36.65,18.26,78,35,0.93,36.65,36.65
306,miquelon,47.0975,-56.3814,7.0,76,100,13.34,-56.3814,-56.3814
307,ixtapa,20.7,-105.2,30.13,66,40,5.14,-105.2,-105.2
308,katsuura,35.1333,140.3,18.06,73,1,2.99,140.3,140.3
309,sao miguel do tapuio,-5.5036,-41.3233,29.6,35,19,2.67,-41.3233,-41.3233
310,lepsy,46.235,78.9456,6.32,47,74,2.38,78.9456,78.9456
311,ta`u,-14.2336,-169.5144,26.76,74,41,4.42,-169.5144,-169.5144
312,bel ombre,-4.6167,55.4167,27.28,78,24,4.18,55.4167,55.4167
313,az zahiriyah,31.4097,34.9733,19.08,68,80,1.56,34.9733,34.9733
314,nicoya,10.1483,-85.452,24.01,96,100,2.43,-85.452,-85.452
315,vetluga,57.8557,45.781,-0.05,93,100,3.61,45.781,45.781
316,pisco,-13.7,-76.2167,20.03,83,0,8.75,-76.2167,-76.2167
317,carutapera,-1.195,-46.02,27.06,72,100,5.34,-46.02,-46.02
318,berdigestyakh,62.0989,126.6992,-5.77,97,99,1.65,126.6992,126.6992
319,zhongxing,33.7039,118.6792,15.95,66,65,1.86,118.6792,118.6792
320,ondjiva,-17.0667,15.7333,24.44,13,1,4.46,15.7333,15.7333
321,yeniseysk,58.4497,92.1703,-0.38,75,100,6.19,92.1703,92.1703
322,new norfolk,-42.7826,147.0587,14.95,53,38,2.12,147.0587,147.0587
323,mount isa,-20.7333,139.5,26.87,22,0,2.06,139.5,139.5
324,peace river,56.2501,-117.286,-3.95,48,34,2.84,-117.286,-117.286
325,nizhniy odes,63.6445,54.856,-1.58,84,100,3.89,54.856,54.856
326,haiku-pauwela,20.9219,-156.3051,30.01,55,20,10.8,-156.3051,-156.3051
327,cabo san lucas,22.8909,-109.9124,30.61,69,0,9.26,-109.9124,-109.9124
328,eldridge,41.6581,-90.5846,21.12,61,31,3.58,-90.5846,-90.5846
329,ambon,-3.6954,128.1814,28.82,95,40,3.6,128.1814,128.1814
330,ulladulla,-35.35,150.4667,23.76,27,43,3.86,150.4667,150.4667
331,yarmouth,41.7057,-70.2286,13.87,81,100,4.47,-70.2286,-70.2286
332,las lomitas,-24.7096,-60.593,37.23,17,59,0.8,-60.593,-60.593
333,quibdo,5.6947,-76.6611,25.15,95,88,0.9,-76.6611,-76.6611
334,aripuana,-9.1667,-60.6333,29.2,56,100,1.25,-60.6333,-60.6333
335,papao,-17.75,-149.55,29.82,77,28,5.94,-149.55,-149.55
336,colonia,50.9333,6.95,13.75,84,20,4.63,6.95,6.95
337,volgodonsk,47.5136,42.1514,14.78,75,76,3.81,42.1514,42.1514
338,ingeniero jacobacci,-41.3427,-69.5448,10.39,78,86,2.94,-69.5448,-69.5448
339,menongue,-14.6585,17.691,21.17,39,73,0.66,17.691,17.691
340,howrah,22.5892,88.3103,24.0,88,75,3.09,88.3103,88.3103
341,mahdia,35.5047,11.0622,23.97,42,19,4.32,11.0622,11.0622
342,alo,7.4178,6.7371,24.62,94,89,1.37,6.7371,6.7371
343,jambi city,-1.6,103.6167,23.15,96,34,1.12,103.6167,103.6167
344,praia da vitoria,38.7333,-27.0667,20.42,98,97,5.77,-27.0667,-27.0667
345,soe,-9.8607,124.284,25.12,35,10,1.44,124.284,124.284
346,la passe,45.5549,-0.8967,13.32,86,100,4.11,-0.8967,-0.8967
347,bhatapara,21.7333,81.9333,17.29,66,47,2.39,81.9333,81.9333
348,gokwe,-18.2048,28.9349,20.81,59,29,3.19,28.9349,28.9349
349,karratha,-20.7377,116.8463,29.35,20,0,3.84,116.8463,116.8463
350,onguday,50.75,86.15,-2.6,68,4,2.0,86.15,86.15
351,san rafael,-34.6177,-68.3301,15.11,86,96,8.1,-68.3301,-68.3301
352,francistown,-21.17,27.5079,19.29,73,1,5.13,27.5079,27.5079
353,gamba,-2.65,10.0,25.24,89,100,3.57,10.0,10.0
354,leh,34.1667,77.5833,1.42,53,15,0.5,77.5833,77.5833
355,tamiahua,21.2667,-97.45,27.44,81,63,5.14,-97.45,-97.45
356,boli,45.7667,130.5167,9.49,65,60,2.92,130.5167,130.5167
357,dingzhou,38.5131,114.9956,13.29,49,0,1.59,114.9956,114.9956
358,saint-felicien,48.6501,-72.4491,4.79,75,18,1.57,-72.4491,-72.4491
359,duba,27.3513,35.6901,28.19,52,4,1.26,35.6901,35.6901
360,salinopolis,-0.6136,-47.3561,27.27,76,43,7.01,-47.3561,-47.3561
361,ola,59.5833,151.2833,-3.81,73,35,3.12,151.2833,151.2833
362,palekh,56.8028,41.8572,0.6,98,100,3.97,41.8572,41.8572
363,howard springs,-12.497,131.047,31.01,72,7,1.15,131.047,131.047
364,el calafate,-50.3408,-72.2768,12.08,58,6,2.73,-72.2768,-72.2768
365,barcelos,41.5388,-8.6151,14.36,82,24,0.93,-8.6151,-8.6151
366,nuuk,64.1835,-51.7216,-2.66,63,0,8.75,-51.7216,-51.7216
367,znamenskoye,57.1281,73.8282,-2.03,82,68,3.9,73.8282,73.8282
368,rizhao,35.4275,119.4553,14.53,61,36,2.4,119.4553,119.4553
369,auki,-8.7676,160.7034,29.38,68,100,0.82,160.7034,160.7034
370,greeley,40.4233,-104.7091,25.89,23,0,3.6,-104.7091,-104.7091
371,hithadhoo,-0.6,73.0833,26.59,80,57,4.53,73.0833,73.0833
372,cabedelo,-6.9811,-34.8339,25.37,81,6,5.41,-34.8339,-34.8339
373,tateyama,34.9833,139.8667,17.83,72,1,3.92,139.8667,139.8667
374,sao paulo de olivenca,-3.3783,-68.8725,26.83,76,63,1.2,-68.8725,-68.8725
375,knin,44.0439,16.2,16.18,88,100,1.7,16.2,16.2
376,kawm umbu,24.4767,32.9463,28.44,30,0,4.61,32.9463,32.9463
377,georgetown,5.4112,100.3354,26.96,89,20,1.03,100.3354,100.3354
378,nayagarh,20.1333,85.1,20.37,85,100,1.49,85.1,85.1
379,makushino,55.2103,67.2442,0.15,83,100,5.46,67.2442,67.2442
380,tsaratanana,-16.7833,47.65,24.5,83,39,1.84,47.65,47.65
381,ancud,-41.8697,-73.8203,10.16,82,0,4.25,-73.8203,-73.8203
382,ceeldheer,3.8488,47.1806,27.24,78,30,4.14,47.1806,47.1806
383,guia lopes da laguna,-21.4578,-56.1142,29.24,53,96,0.45,-56.1142,-56.1142
384,mar del plata,-38.0023,-57.5575,13.38,98,100,1.79,-57.5575,-57.5575
385,joutseno,61.118,28.5076,-0.97,83,100,3.61,28.5076,28.5076
386,barka kana,23.6167,85.4833,21.91,70,100,2.07,85.4833,85.4833
387,rodolfo sanchez taboada,31.7167,-116.5667,19.5,75,35,1.79,-116.5667,-116.5667
388,bhachau,23.2833,70.35,27.09,61,99,4.67,70.35,70.35
389,rongelap,11.1635,166.8941,28.68,76,93,7.16,166.8941,166.8941
390,machico,32.7,-16.7667,19.84,73,40,3.09,-16.7667,-16.7667
391,newman,37.3138,-121.0208,25.59,44,1,4.92,-121.0208,-121.0208
392,kupang,-10.1667,123.5833,26.32,73,20,1.03,123.5833,123.5833
393,kokopo,-4.352,152.2633,27.84,76,100,4.75,152.2633,152.2633
394,holualoa,19.6228,-155.9522,28.64,71,75,4.63,-155.9522,-155.9522
395,riasi,33.0833,74.8333,18.44,53,0,3.13,74.8333,74.8333
396,kulhudhuffushi,6.6221,73.07,27.23,79,87,3.69,73.07,73.07
397,motygino,58.1831,94.7592,-0.96,87,100,7.4,94.7592,94.7592
398,itoman,26.1247,127.6694,26.43,70,75,3.6,127.6694,127.6694
399,aasiaat,68.7098,-52.8699,-12.53,98,93,3.82,-52.8699,-52.8699
400,paragominas,-2.9667,-47.4833,28.72,53,97,0.39,-47.4833,-47.4833
401,ardatov,55.2421,43.097,5.45,98,100,4.05,43.097,43.097
402,nikolayevsk-on-amure,53.1406,140.73,1.82,51,75,1.2,140.73,140.73
403,bullsbrook,-31.6667,116.0,14.19,53,30,9.77,116.0,116.0
404,bengkulu,-3.8004,102.2655,22.89,92,38,1.48,102.2655,102.2655
405,nemuro,43.3236,145.575,10.17,65,0,2.94,145.575,145.575
406,khanty-mansiysk,61.0042,69.0019,0.06,64,20,6.0,69.0019,69.0019
407,petropavlovsk-kamchatsky,53.0452,158.6483,3.21,87,20,4.0,158.6483,158.6483
408,kaseda-shirakame,31.4167,130.3167,17.84,69,4,2.71,130.3167,130.3167
409,villa emilio carranza,19.9667,-96.6,27.63,79,92,6.54,-96.6,-96.6
410,blenheim,-41.516,173.9528,16.4,66,100,1.79,173.9528,173.9528
411,lerwick,60.1545,-1.1494,9.0,78,88,4.97,-1.1494,-1.1494
412,xique xique,-10.8217,-42.7311,28.58,50,93,2.81,-42.7311,-42.7311
413,pingliang,35.5392,106.6861,10.4,71,55,0.88,106.6861,106.6861
414,demidov,55.2706,31.515,5.5,90,100,3.84,31.515,31.515
415,sandersville,32.9815,-82.8101,18.21,51,71,2.47,-82.8101,-82.8101
416,morant bay,17.8815,-76.4093,28.73,83,56,4.8,-76.4093,-76.4093
417,alice springs,-23.7,133.8833,24.75,23,18,8.75,133.8833,133.8833
418,konarka,19.9,86.1167,24.22,87,100,6.87,86.1167,86.1167
419,tazovsky,67.4667,78.7,-4.25,91,48,3.01,78.7,78.7
420,chonchi,-42.6128,-73.8092,11.73,79,45,1.61,-73.8092,-73.8092
421,neyriz,29.1988,54.3278,16.43,34,1,1.37,54.3278,54.3278
422,kailua-kona,19.6406,-155.9956,30.71,71,75,4.63,-155.9956,-155.9956
423,guerrero negro,27.9769,-114.0611,21.19,60,15,8.7,-114.0611,-114.0611
424,katsuren-haebaru,26.3369,127.8719,26.43,71,40,3.6,127.8719,127.8719
425,makoua,0.0069,15.6333,22.51,97,100,1.23,15.6333,15.6333
426,oum hadjer,13.2954,19.6966,29.03,17,7,5.48,19.6966,19.6966
427,baganga,7.5739,126.56,27.08,78,5,0.93,126.56,126.56
428,uyovu,-3.2833,31.5258,18.98,78,65,1.16,31.5258,31.5258
429,lang son,21.8333,106.7333,19.38,96,79,0.8,106.7333,106.7333
430,viedma,-40.8135,-62.9967,9.97,64,99,4.83,-62.9967,-62.9967
431,berdsk,54.7551,83.0967,-1.22,72,100,10.93,83.0967,83.0967
432,boyalik,41.2634,28.6314,16.51,69,4,0.9,28.6314,28.6314
433,cox's bazar,21.4532,91.9798,22.48,95,100,4.51,91.9798,91.9798
434,douz,33.4663,9.0203,25.56,26,47,2.96,9.0203,9.0203
435,carnarvon,-24.8667,113.6333,20.67,48,99,4.47,113.6333,113.6333
436,sosnogorsk,63.6023,53.8817,-1.27,84,97,3.69,53.8817,53.8817
437,tual,-5.6667,132.75,26.81,76,85,5.71,132.75,132.75
438,kivioli,59.3531,26.9711,4.3,96,100,4.08,26.9711,26.9711
439,pagar alam,-4.0167,103.2667,19.78,91,70,0.76,103.2667,103.2667
440,bathsheba,13.2167,-59.5167,27.14,85,91,4.71,-59.5167,-59.5167
441,talakan,50.3167,130.3667,2.43,83,0,1.47,130.3667,130.3667
442,ghanzi,-21.5667,21.7833,22.42,12,0,4.09,21.7833,21.7833
443,cambria,35.5641,-121.0808,25.98,84,7,3.13,-121.0808,-121.0808
444,sechura,-5.5569,-80.8222,22.9,70,92,8.05,-80.8222,-80.8222
445,villa huidobro,-34.8383,-64.5869,15.83,91,95,5.7,-64.5869,-64.5869
446,buzim,45.0547,16.0319,14.03,90,91,1.94,16.0319,16.0319
447,blackwater,-23.5833,148.8833,27.61,83,5,4.27,148.8833,148.8833
448,kani keli,-12.9536,45.1033,26.59,73,1,7.48,45.1033,45.1033
449,myeik,12.4333,98.6,25.14,89,84,1.66,98.6,98.6
450,severnoye,56.3491,78.3619,-2.44,90,95,5.4,78.3619,78.3619
451,cavelossim,15.1726,73.9419,24.59,67,11,2.2,73.9419,73.9419
452,galle,6.0367,80.217,24.52,86,95,1.62,80.217,80.217
453,antofagasta,-23.65,-70.4,17.49,78,26,3.76,-70.4,-70.4
454,tughyl,47.7252,84.2063,5.55,56,59,1.49,84.2063,84.2063
455,nueva gerona,21.8833,-82.8,27.98,68,89,3.31,-82.8,-82.8
456,vorgashor,67.5833,63.95,-8.89,98,99,0.77,63.95,63.95
457,tarawa,1.419,172.984,31.05,74,40,3.09,172.984,172.984
458,mbanza-ngungu,-5.25,14.8667,21.72,94,97,3.17,14.8667,14.8667
459,puerto baquerizo moreno,-0.9,-89.6,24.1,82,96,5.16,-89.6,-89.6
460,isangel,-19.55,169.2667,23.69,88,100,8.03,169.2667,169.2667
461,bonthe,7.5264,-12.505,26.16,88,25,2.72,-12.505,-12.505
462,impfondo,1.6381,18.0667,22.88,94,99,1.43,18.0667,18.0667
463,kununurra,-15.7667,128.7333,25.99,78,6,0.0,128.7333,128.7333
464,suifenhe,44.4,131.1667,6.34,77,51,1.71,131.1667,131.1667
465,mahina,-17.5065,-149.489,29.87,70,75,7.2,-149.489,-149.489
466,esquel,-42.9,-71.3167,12.14,76,96,1.55,-71.3167,-71.3167
467,amungan,15.3652,119.9582,26.95,75,56,1.8,119.9582,119.9582
468,christchurch,-43.5333,172.6333,19.07,61,100,2.57,172.6333,172.6333
469,mutuali,-14.8706,37.0044,25.41,45,98,1.77,37.0044,37.0044
470,beyneu,45.3167,55.2,7.38,58,34,5.29,55.2,55.2
471,kargopol',61.5071,38.9456,-3.7,93,57,2.11,38.9456,38.9456
472,chillicothe,39.3331,-82.9824,15.21,44,0,0.0,-82.9824,-82.9824
473,chelm,51.1431,23.4716,9.22,92,25,1.49,23.4716,23.4716
474,warman,52.3168,-106.5679,1.16,54,74,3.69,-106.5679,-106.5679
475,springbok,-29.6643,17.8865,11.59,76,0,1.67,17.8865,17.8865
476,noyabrsk,63.1994,75.4507,-2.37,89,100,6.51,75.4507,75.4507
477,bogo,11.0517,124.0055,27.54,81,60,1.03,124.0055,124.0055
478,n'zeto,-7.2312,12.8666,25.26,85,85,4.84,12.8666,12.8666
479,egilsstadir,65.2653,-14.3948,3.54,99,100,2.07,-14.3948,-14.3948
480,rossosh',51.1209,38.5116,10.25,79,100,8.55,38.5116,38.5116
481,el-tor,28.2364,33.6254,24.0,71,2,5.36,33.6254,33.6254
482,kisesa,-3.0833,34.15,23.0,48,85,1.34,34.15,34.15
483,novyy urgal,51.0736,132.5642,-0.4,74,11,0.33,132.5642,132.5642
484,usinsk,65.9939,57.5281,-8.73,91,33,5.12,57.5281,57.5281
485,isiro,2.7739,27.616,19.94,99,100,0.61,27.616,27.616
486,fortaleza,-3.7227,-38.5247,28.37,77,20,3.09,-38.5247,-38.5247
487,ankleshwar,21.6,73.0,25.22,43,47,1.83,73.0,73.0
488,robore,-18.3333,-59.75,37.84,22,85,4.11,-59.75,-59.75
489,nizhneangarsk,55.7833,109.55,0.78,58,96,1.54,109.55,109.55
490,victoria falls,-17.9235,25.843,28.76,30,61,2.22,25.843,25.843
491,maragogi,-9.0122,-35.2225,24.1,74,1,3.69,-35.2225,-35.2225
492,mawlaik,23.6333,94.4167,21.41,99,100,0.39,94.4167,94.4167
493,katima mulilo,-17.5,24.2667,26.94,36,40,0.62,24.2667,24.2667
494,arta,39.1606,20.9853,18.8,89,9,1.03,20.9853,20.9853
495,estes park,40.3772,-105.5217,20.15,24,22,1.79,-105.5217,-105.5217
496,sinabang,2.4803,96.3801,25.52,82,99,0.15,96.3801,96.3801
497,gore,-46.1028,168.9436,16.8,42,97,1.82,168.9436,168.9436
498,vadso,70.0744,29.7487,0.49,86,75,5.14,29.7487,29.7487
499,bossangoa,6.4926,17.4552,21.44,96,84,1.44,17.4552,17.4552
500,fortuna,40.5982,-124.1573,16.19,87,100,7.2,-124.1573,-124.1573
501,markovo,57.3206,107.0881,4.62,89,100,4.69,107.0881,107.0881
502,north bend,43.4065,-124.2243,15.14,67,100,6.69,-124.2243,-124.2243
503,i-n-salah,27.1935,2.4607,30.88,14,98,1.46,2.4607,2.4607
504,sarkand,45.41,79.9186,5.75,68,79,0.87,79.9186,79.9186
505,pozarevac,44.6153,21.1825,15.84,66,10,2.74,21.1825,21.1825
506,la ronge,55.1001,-105.2842,-1.38,31,2,5.23,-105.2842,-105.2842
507,vorkuta,67.5,64.0,-7.19,97,100,0.44,64.0,64.0
508,smithers,54.7804,-127.1743,1.3,83,100,1.26,-127.1743,-127.1743
509,lazaro cardenas,17.9583,-102.2,27.55,76,92,1.19,-102.2,-102.2
510,marquette,46.5333,-87.6335,9.9,82,77,3.13,-87.6335,-87.6335
511,laguna,38.421,-121.4238,27.94,52,0,1.54,-121.4238,-121.4238
512,pimentel,-6.8367,-79.9342,22.16,78,0,9.26,-79.9342,-79.9342
513,gwanda,-20.9333,29.0,17.76,84,20,1.99,29.0,29.0
514,vanimo,-2.6741,141.3028,26.07,86,100,1.51,141.3028,141.3028
515,malvan,16.0667,73.4667,25.28,69,4,2.81,73.4667,73.4667
516,angaur state,6.906,134.13,28.64,71,72,1.53,134.13,134.13
517,vila franca do campo,37.7167,-25.4333,21.05,99,92,7.3,-25.4333,-25.4333
518,yanbu,24.0891,38.0637,29.02,79,20,1.03,38.0637,38.0637
519,veraval,20.9,70.3667,26.8,59,40,4.38,70.3667,70.3667
520,sioux center,43.0797,-96.1756,21.44,64,15,2.69,-96.1756,-96.1756
521,fale old settlement,-9.3852,-171.2468,28.52,70,48,3.4,-171.2468,-171.2468
522,kamogawa,35.1,140.1,17.85,74,1,2.47,140.1,140.1
523,conception bay south,47.4999,-52.9981,6.97,94,100,7.84,-52.9981,-52.9981
524,tashtyp,52.7939,89.8983,-1.77,76,77,5.92,89.8983,89.8983
525,crane,31.3974,-102.3501,20.67,80,100,5.93,-102.3501,-102.3501
526,jiwani,25.05,61.7417,26.67,76,21,3.3,61.7417,61.7417
527,isola di capo rizzuto,38.96,17.0933,19.55,81,4,1.7,17.0933,17.0933
528,laramie,41.3114,-105.5911,21.21,21,20,7.72,-105.5911,-105.5911
529,nelson bay,-32.7167,152.15,23.33,55,2,0.97,152.15,152.15
530,kharp,66.8014,65.8081,-10.18,90,54,2.87,65.8081,65.8081
531,keflavik,64.0049,-22.5624,4.24,93,75,2.06,-22.5624,-22.5624
532,pirajui,-21.9986,-49.4572,30.02,29,92,2.19,-49.4572,-49.4572
533,alaghsas,17.0187,8.0168,27.62,15,1,4.6,8.0168,8.0168
534,taroudant,30.4703,-8.877,18.27,77,1,1.49,-8.877,-8.877
535,karatau,43.1667,70.4667,6.76,89,73,1.46,70.4667,70.4667
536,gandajika,-6.75,23.95,20.58,96,100,1.17,23.95,23.95
537,ustka,54.5805,16.8619,9.25,84,68,3.14,16.8619,16.8619
538,donggang,28.9365,114.2259,15.73,72,23,0.74,114.2259,114.2259
539,trairi,-3.2778,-39.2689,25.86,79,92,4.63,-39.2689,-39.2689
540,dogonbadan,30.3586,50.7981,21.34,24,3,0.8,50.7981,50.7981
541,sao raimundo das mangabeiras,-7.0219,-45.4811,30.5,41,27,0.16,-45.4811,-45.4811
542,sihanoukville,10.6093,103.5296,23.97,100,40,1.03,103.5296,103.5296
543,palikir - national government center,6.9248,158.1611,27.47,89,100,2.06,158.1611,158.1611
544,sadovoye,47.7764,44.5089,14.28,67,86,4.79,44.5089,44.5089
545,cill airne,52.05,-9.5167,9.73,85,75,1.62,-9.5167,-9.5167
546,bridlington,54.0831,-0.1919,12.79,88,100,4.92,-0.1919,-0.1919
547,kuala lipis,4.1842,102.0468,23.19,98,72,0.14,102.0468,102.0468
548,lisala,2.15,21.5167,21.09,99,100,1.11,21.5167,21.5167
549,guiuan,11.0333,125.7247,27.51,80,35,2.64,125.7247,125.7247
550,brookings,44.3114,-96.7984,18.19,59,0,2.57,-96.7984,-96.7984
551,uliastay,47.7417,96.8444,2.18,67,55,2.68,96.8444,96.8444
552,vilhena,-12.7406,-60.1458,29.3,39,95,0.35,-60.1458,-60.1458
553,kirovsk,48.6375,38.6428,13.72,66,100,5.79,38.6428,38.6428
554,mufulira,-12.5498,28.2407,20.73,65,82,1.7,28.2407,28.2407
555,mont-dore,-22.2833,166.5833,27.99,70,83,5.88,166.5833,166.5833
556,leavenworth,39.2333,-95.0336,28.58,51,18,2.24,-95.0336,-95.0336
557,hashtrud,37.4779,47.0508,11.24,49,38,1.78,47.0508,47.0508
558,zaragoza,41.6561,-0.8773,16.12,77,75,1.03,-0.8773,-0.8773
559,kalispell,48.1958,-114.3129,12.04,76,40,4.63,-114.3129,-114.3129
560,port saint john's,-31.6229,29.5448,17.79,88,12,1.27,29.5448,29.5448
561,nagqu,31.5,92.0,-6.31,94,91,0.73,92.0,92.0
562,al muwayh,22.4333,41.7583,21.54,33,3,5.28,41.7583,41.7583
563,champerico,14.3,-91.9167,32.3,75,40,2.3,-91.9167,-91.9167
564,pocone,-16.2567,-56.6228,33.91,35,96,2.02,-56.6228,-56.6228
